query,dataset,k,input_rows,n_columns,public_output,profile,load_s,vk_s,pk_s,keygen_s,prove_s,verify_s,proof_bytes,commit_k,commit_setup_s,published_bytes,bind_keygen_s,bind_prove_s,bind_verify_s,bind_proof_bytes,open_prove_s,open_verify_s,open_bytes,total_prove_s,total_proof_bytes,wall_s,config,status
q3,tpch-60K,16,76675,10,1,release,0.055,9.297,12.118,21.415,43.907,0.047,41760,0,0.000,0,0.000,0.000,0.000,0,0.000,0.000,0,43.907,41760,66.220,oblivious,ok
q5,tpch-60K,17,76805,16,1,release,0.223,7.831,16.043,23.874,82.614,0.038,51808,0,0.000,0,0.000,0.000,0.000,0,0.000,0.000,0,82.614,51808,108.667,dp(eps=0.1 del=0.00001),ok
q8,tpch-60K,16,78805,19,1,release,0.197,11.544,19.006,30.550,89.175,0.051,105344,0,0.000,0,0.000,0.000,0.000,0,0.000,0.000,0,89.175,105344,120.827,oblivious,ok
q9,tpch-60K,16,85300,16,1,release,0.066,9.652,14.325,23.977,73.406,0.040,79040,0,0.000,0,0.000,0.000,0.000,0,0.000,0.000,0,73.406,79040,98.654,oblivious,ok
q18,tpch-60K,16,76675,8,1,release,0.062,6.638,10.520,17.158,38.952,0.026,40384,0,0.000,0,0.000,0.000,0.000,0,0.000,0.000,0,38.952,40384,57.081,oblivious,ok
gq1,lastfm,17,27806,2,1462310,release,0.000,5.236,13.767,19.002,73.363,0.034,42848,0,0.000,0,0.000,0.000,0.000,0,0.000,0.000,0,73.363,42848,94.236,oblivious,ok
gq1,facebook,17,88234,2,79031030,release,0.000,12.265,19.586,31.851,82.752,0.037,42848,0,0.000,0,0.000,0.000,0.000,0,0.000,0.000,0,82.752,42848,116.481,oblivious,ok
gq1,wiki,17,103689,2,48373723,release,0.001,13.973,21.325,35.297,85.384,0.037,42848,0,0.000,0,0.000,0.000,0.000,0,0.000,0.000,0,85.384,42848,122.564,oblivious,ok
gq2,lastfm,17,27806,2,8023033,release,0.000,7.558,18.821,26.379,112.691,0.045,62528,0,0.000,0,0.000,0.000,0.000,0,0.000,0.000,0,112.691,62528,141.004,oblivious,ok
gq2,facebook,17,88234,2,2090925166,release,0.001,18.258,27.321,45.579,120.278,0.041,62528,0,0.000,0,0.000,0.000,0.000,0,0.000,0.000,0,120.278,62528,167.802,oblivious,ok
